slug,name,location,stars,superior,rooms,adr_chf,price_category,revenue_proxy_chf,segment,direct_booking,positioning,tone
hotel-7-heavens,7 Heavens,Zermatt,5,false,25,8174.45,Luxury,50722462,luxury,true,luxury ski chalets | private residences | premium mountain locations | tailored service | exclusive experiences | Spa,luxury
hotel-abc-swiss-quality-hotel,ABC Swiss Quality Hotel,Chur,4,false,49,638.96,Premium,7770904,upper_upscale,true,Zentrale Lage | Moderne Infrastruktur | Wellness-Angebote | Business-Boardroom | Langzeitaufenthalte | Spa,modern-boutique
hotel-aida-hotel-spa-adults-only,Aïda Hôtel & Spa - Adults only,Crans-Montana,5,false,18,669.12,Premium,2989361,luxury,true,luxury wellness | adult-only retreat | alpine views | gourmet dining | relaxation packages | Spa,luxury-wellness
hotel-alex-lake-zuerich,Alex Lake Zürich,Thalwil,5,false,43,361.86,Premium,3861987,luxury,true,luxury lakeside experience | fine dining | event hosting | wellness | scenic views | Spa,understated-luxury
hotel-alpen-resort-hotel-spa,Alpen Resort Hotel & Spa,Zermatt,4,false,55,798.7,Premium,10903054,luxury,true,wellness | skiing | gastronomy | family-friendly | Spa | Restaurant,luxury
hotel-alpengold-davos,AlpenGold Davos,Davos Dorf,5,false,216,348,Premium,18656698,luxury,true,alpine charm | wellness retreat | luxury accommodation | cultural dining experiences | family-friendly | natural scenery,luxury-leisure
hotel-ambassador-hotel-zuerich,Ambassador Hotel Zürich,Zürich,4,true,44,404.24,Premium,4219861,upper_upscale,true,boutique luxury | central location | unique experiences | stylish comfort | business-friendly | Spa,luxury-boutique
hotel-ameron-swiss-mountain-hotel-davos,AMERON Swiss Mountain Hotel Davos,Davos Platz,4,true,148,320.29,Premium,11765405,upper_upscale,true,alpine wellness | family-friendly activities | outdoor adventure | culinary experiences | Spa | Wellness,alpine-boutique
hotel-ameron-zuerich-bellerive-au-lac,AMERON Zürich Bellerive au Lac,Zürich,4,true,61,799.51,Premium,12104741,luxury,true,urban lifestyle | Mediterranean flair | luxury stay | Art Deco design | Spa | Restaurant,understated-luxury
hotel-apparthotel-panorama-ski-lodge,Apparthotel Panorama Ski Lodge,Zermatt,4,false,6,392,Premium,583766,upper_upscale,true,luxurious | modern | wellness | Bar | Ski services | Suites,luxury
hotel-appenzeller-huus-huus-quell-2,"Appenzeller Huus, Huus Quell",Gonten,5,true,30,524.86,Premium,3908108,luxury,true,wellness retreat | fine dining | alpine views | stylish accommodations | luxury escape | Spa,luxury-retreat
hotel-art-boutique-hotel-monopol,Art Boutique Hotel Monopol,St. Moritz,4,false,67,745.72,Premium,12400876,luxury,true,central location | alpine wellness | luxury amenities | family-friendly | gastronomy | Spa,alpine-luxury
hotel-art-deco-hotel-montana,Art Deco Hotel Montana,Luzern,4,true,63,326.81,Premium,5110197,upper_upscale,true,Art Deco style | scenic views | quality service | rich breakfast | wellness packages | Spa,understated-luxury
hotel-art-hotel-riposo,Art Hotel Riposo,Ascona,4,false,29,312.14,Premium,2246721,upper_upscale,true,romantic ambiance | central location | culinary experiences | artistic vibe | Restaurant | Bar,boutique-charm
hotel-aspen-alpin-lifestyle-hotel-grindelwald,Aspen alpin lifestyle hotel Grindelwald,Grindelwald,4,true,39,536.27,Premium,5190986,upper_upscale,true,alpine lifestyle | magnificent nature | wellness retreat | mountain activities | Spa | Wellness,alpine-luxury
hotel-b2-hotel,B2 Hotel,Zürich,4,false,60,549.31,Premium,8180325,upper_upscale,true,urban retreat | contemporary design | historical background | community space | wellness offerings | Spa,urban-boutique
hotel-backstage-hotel-vernissage,Backstage Hotel Vernissage,Zermatt,4,false,19,523.23,Premium,2467448,upper_upscale,true,art and design | urban lifestyle | wellness and spa | family-friendly accommodations | fine dining | Spa,modern-luxury
hotel-beatus-wellness-spa-hotel,Beatus Wellness- & Spa-Hotel,Merligen,5,false,71,515.89,Premium,9091117,luxury,true,wellness | spa | alpine-Mediterranean cuisine | lake views | retreats | Restaurant,wellness-leisure
hotel-beau-rivage-hotel,Beau-Rivage Hotel,Neuchâtel,5,false,66,261.62,,4285650,luxury,true,luxury | lake view | fine dining | wellness | events | Spa,luxury
hotel-beau-rivage-palace,Beau-Rivage Palace,Lausanne,5,true,168,660.96,Premium,27560446,luxury,true,understated luxury | wellness experiences | fine dining | historic elegance | event hosting | Spa,understated-luxury
hotel-beausite-zermatt,BEAUSiTE Zermatt,Zermatt,4,true,67,745.72,Premium,12400876,luxury,true,design & boutique hotel | alpine experience | spa & wellness | culinary exploration | Spa | Restaurant,contemporary-alpine
hotel-belarosa-hotel,BelArosa Hotel,Arosa,4,true,22,563.98,Premium,2943694,upper_upscale,true,wellness | retreat | luxury accommodations | family-friendly | local experiences | Spa,luxury-wellness
hotel-bellevue-terminus,Bellevue-Terminus,Engelberg,4,false,73,355.34,Premium,6438263,upper_upscale,true,urban lifestyle | Alpine scenery | celebrations | business events | culinary authenticity | Spa,urban-chic
hotel-belvedere-strandhotel,Belvédère Strandhotel,Spiez,4,true,56,308.07,Premium,4281927,upper_upscale,true,Wellness | Gastronomie | Business-Tagungen | Naturerlebnis | Spa | Restaurant,charming-wellness
hotel-bergwelt-grindelwald,Bergwelt Grindelwald,Grindelwald,4,true,90,311.33,Premium,6954490,upper_upscale,true,Premium Alpine Design | Spa Retreat | Social Dining | Adventure Experiences | Sustainability | Spa,premium-alpine
hotel-bernerhof-swiss-quality-hotel,Bernerhof Swiss Quality Hotel,Gstaad,4,true,46,369.19,Premium,4215116,upper_upscale,true,culinary luxury | eco-friendly practices | historic charm | Spa | Wellness | Restaurant,luxury-boutique
hotel-boutique-hotel-alpenrose,Boutique-Hotel Alpenrose,Schönried,4,false,24,328.44,Premium,1870137,upscale,false,Boutique hospitality | Gourmet dining | Alpine wellness | Nature retreat | Family-run | Sustainable tourism,alpine-boutique
hotel-boutique-hotel-corbetta,Boutique Hôtel Corbetta,Les Paccots,4,false,38,578,Premium,5451465,upper_upscale,true,nature wellness | culinary experience | mountain retreat | active lifestyle | family-friendly atmosphere | Spa,alpine-boutique
hotel-boutique-hotel-glacier,Boutique Hotel Glacier,Grindelwald,4,true,28,289.32,,2010658,upper_upscale,true,Boutique accommodations | Fine dining | Wellness and spa | Mountain experiences | Personalized service | Spa,boutique-luxury
hotel-boutique-hotel-remorino,Boutique-Hotel REMORINO,Minusio,4,false,24,317.85,Premium,1893369,upper_upscale,true,boutique-style | family-friendly | direct-booking benefits | Spa | Bar | Pool,charming-boutique
hotel-boutique-hotel-seefeld,Boutique-Hotel Seefeld,Zürich,4,true,65,308.07,Premium,4970093,upper_upscale,true,Boutique-Hotel | Stadtlocation | Kulinarik | Spa | Restaurant | Bar,boutique
hotel-boutique-sorell-hotel-seidenhof,Boutique Sorell - Hotel Seidenhof,Zürich,4,true,78,558.27,Premium,10807884,upper_upscale,true,Boutique-Hotel | historisch inspiriert | zeitgemäßes Design | Zürcher Shoppingmeile | kulinarische Angebote | Spa,boutique-luxury
hotel-buergenstock-hotel-alpine-spa,Bürgenstock Hotel & Alpine Spa,Obbürgen,5,true,211,803.59,Luxury,42084169,luxury,false,Belle Époque glamour | modern glass architecture | natural beauty | Spa | Suites | Family-friendly,luxury
hotel-carlton-europe-vintage-adults-hotel,Carlton-Europe Vintage Adults Hotel,Interlaken,4,false,69,366.75,Premium,6280887,upper_upscale,true,adults-only | historical charm | seminar facilities | relaxation areas | outdoor activities | Spa,vintage-luxury
hotel-carlton-hotel-st-moritz,Carlton Hotel St. Moritz,St. Moritz,5,true,60,779.95,Premium,11615015,luxury,true,luxury retreat | Michelin-star dining | wellness experiences | sustainable tourism | alpine views | Spa,understated-luxury
hotel-casa-berno-panorama-resort,Casa Berno Panorama Resort,Ascona,4,false,56,308.88,Premium,4293185,upper_upscale,true,Lakefront luxury | Wellness retreat | Meetings and MICE | Restaurant | Meeting rooms | Pool,relaxing-luxury
hotel-castello-del-sole-beach-resort-spa,Castello del Sole Beach Resort & SPA,Ascona,5,true,79,498.78,Premium,9779978,luxury,true,luxury hotel | nature retreat | wellness resort | gourmet dining | experiential activities | Spa,luxury-nature
hotel-central-plaza-hotel,Central Plaza Hotel,Zürich,4,false,103,308.07,Premium,7875686,upper_upscale,true,central location | modern lifestyle | excellent service | historical significance | Restaurant | Bar,modern-lifestyle
hotel-chalet-royalp-hotel-spa,Chalet Royalp Hôtel & Spa,Villars-sur-Ollon,5,true,63,458.84,Premium,7174698,luxury,true,luxury | wellness | gastronomy | nature | skiing | golf,understated-luxury
hotel-chalet-silvretta-hotel-spa,Chalet Silvretta Hotel & Spa,Samnaun Dorf,4,false,32,414.83,Premium,3294746,upper_upscale,true,Alpine coziness | Regional cuisine & Swiss hospitality | Wellness and relaxation | Family-friendly activities | Skiing in Silvretta Ski-Arena | Spa,alpine-boutique
hotel-chenot-palace-weggis,CHENOT Palace Weggis,Weggis,5,true,97,690,Premium,16612026,luxury,true,detoxification | personalized health programs | luxurious wellness retreat | holistic health | state-of-the-art medical spa | Spa,wellness-luxury
hotel-chetzeron,Chetzeron,Crans-Montana,4,false,16,425.43,Premium,1689468,upper_upscale,false,alpine wellness | ski in ski out | sustainable tourism | unique design | mountain retreat | authentic hospitality,alpine-boutique
hotel-christiania-mountain-spa,Christiania Mountain & Spa,Zermatt,4,false,72,409.13,Premium,7311317,upper_upscale,true,spa and wellness | family-run hospitality | cultural accommodations | culinary experiences | mountain views | Spa,understated-luxury
hotel-city-garden-hotel,City Garden Hotel,Zug,4,true,78,353.71,Premium,6847684,upper_upscale,true,Designhotel | Nachhaltigkeit | Zentrale Lage | Gastronomie | Spa | Restaurant,modern-design
hotel-city-hotel-ochsen-zug,City-Hotel Ochsen Zug,Zug,4,false,42,387.94,Premium,4044042,upper_upscale,true,city center access | restaurant on-site | comfortable accommodations | Restaurant | Bar | Boutique,contemporary-comfort
hotel-consum-boutique-hotel,Consum Boutique Hotel,Basel,4,false,12,533.01,Premium,1587517,upper_upscale,true,Boutique hotel | Wine bar | Mediterranean flair | Spa | Bar | Swisstainable Livello II - engaged,casual-boutique
hotel-courtyard-by-marriott-zuerich-nord,Courtyard by Marriott Zürich Nord,Zürich,4,false,152,267.32,,10085021,business_conference,true,contemporary style | convenient location | business-friendly | on-site dining | Spa | Restaurant,modern-business
hotel-cresta-palace-celerina,Cresta Palace Celerina,Celerina/Schlarigna,4,true,90,449.06,Premium,10031102,upper_upscale,true,alpine elegance | culinary experiences | wellness spa | ski access | family-friendly | Spa,luxurious-alpine
hotel-czp-chalet-zermatt-peak,CZP Chalet Zermatt Peak,Zermatt,5,false,5,27857,Luxury,34570537,luxury,true,luxury accommodation | wellness services | gourmet dining | exclusive use | breathtaking views | Spa,luxury
hotel-delta-resort-apartments,Delta Resort Apartments,Ascona,5,false,13,295.03,,951944,luxury,true,best price guarantee | direct booking advantages | family-friendly accommodations | golf discounts | wellness amenities | convenient location,modern-comfort
hotel-deltapark-vitalresort,Deltapark Vitalresort,Gwatt (Thun),4,true,87,288.51,,6229912,upper_upscale,true,wellness | nature retreat | culinary experience | luxury accommodation | spa services | experience offerings,wellness-luxury
hotel-deltapark-vitalresort-seevillen,Deltapark Vitalresort Seevillen,Gwatt (Thun),5,false,2,288.51,,143216,luxury,true,wellness | nature retreat | culinary experiences | Spa | Restaurant | Bar,wellness-luxury
hotel-edelweiss-swiss-quality-hotel,Edelweiss Swiss Quality Hotel,Sils/Segl Maria,4,false,67,363.91,Premium,6051605,upper_upscale,true,Tradition und modernem Komfort | wellness services | Kulturabende mit Konzerten und Lesungen | Wellness | Restaurant | Bar,understated-luxury
hotel-eiger-mountain-soul-resort,Eiger Mountain & Soul Resort,Grindelwald,4,false,50,378.97,Premium,4703018,upper_upscale,true,alpine wellness | cozy retreat | local culinary experiences | Spa | Wellness | Restaurant,alpine-boutique
hotel-eiger-muerren-swiss-quality-hotel,Eiger Mürren Swiss Quality Hotel,Mürren,4,false,49,420.54,Premium,5114523,upper_upscale,false,alpine wellness | gastronomy | family hospitality | outdoor adventures | serene environment | Spa,alpine-boutique
hotel-einstein-st-gallen,Einstein St. Gallen,St. Gallen,4,true,113,326.81,Premium,9165909,upper_upscale,false,delectable dining experiences | business meetings | wellness area | banquets & weddings | seminar rooms | music events,modern-leisure
hotel-elite-alpine-lodge,Elite Alpine Lodge,Saas-Fee,4,false,10,277.1,,687762,serviced_apartments,true,luxury accommodations | spa and wellness | family-friendly | mountain views | proximity to ski lifts | Spa,luxury-leisure
hotel-ema-house-hotel-suites,EMA House Hotel Suites,Zürich,4,false,23,395.27,Premium,2256438,upper_upscale,true,Hotel Suites | Serviced Apartments | Convenient Booking | Spacious Accommodations | Private Experience | Meeting & Seminar Rooms,modern-design
hotel-engadiner-boutique-hotel-guardaval,Engadiner Boutique-Hotel GuardaVal,Scuol,4,false,36,347.19,Premium,3102212,upper_upscale,true,alpine wellness | romantic getaways | culinary experiences | direct access to spa | Spa | Wellness,alpine-boutique
hotel-ermitage-wellness-spa-hotel,ERMITAGE Wellness- & Spa-Hotel,Schönried,5,false,96,344.75,Premium,8214427,luxury,true,Alpine wellness | Chalet atmosphere | Culinary experiences | Seasonal offers and packages | Cultural engagement | Spa,alpine-boutique
hotel-europe-hotel-spa,Europe Hotel & Spa,Zermatt,4,false,37,643.03,Premium,5905202,upper_upscale,false,wellness spa | alpine experience | gastronomic offers | Spa | Wellness | Restaurant,mountain-boutique
hotel-experimental-chalet-verbier,Experimental Chalet Verbier,Verbier,4,false,39,511.82,Premium,4954315,upper_upscale,true,luxury getaway | alpine wellness | fine dining | boutique hotel | Spa | Wellness,understated-luxury
hotel-face-dor,Face d'Or,Zermatt,5,false,4,286.06,,284000,luxury,true,luxury apartments | hotel services | wellness getaway | family-friendly | central location | Spa,luxury-leisure
hotel-fairmont-grand-hotel-geneva,Fairmont Grand Hotel Geneva,Genève,5,true,412,741.65,Premium,75839942,luxury,true,City Center Location | Business Traveler Conveniences | Skyline Views | Oasis of relaxation | Tailor-made Experiences | Spa,luxury
hotel-fairmont-le-montreux-palace,Fairmont Le Montreux Palace,Montreux,5,true,236,628.37,Premium,36806898,luxury,true,Belle Époque architecture | luxury spa | culinary experiences | family-friendly services | stunning lake views | Spa,luxury
hotel-five-zurich,FIVE Zurich,Zürich,5,true,149,347.19,Premium,12839711,luxury,false,luxury | contemporary design | lifestyle experience | Design,luxury
hotel-flueela-hotel-davos,Flüela Hotel Davos,Davos Dorf,5,false,51,343.11,Premium,4343155,luxury,true,luxury ski resort | history and heritage | family comfort | Spa | Wellness | Restaurant,luxury
hotel-fraser-suites-geneva,Fraser Suites Geneva,Genève,4,false,67,391.2,Premium,6218417,upper_upscale,true,elegant accommodations | ideal for business and leisure | city-center location | Spa | Restaurant | Suites,elegant-comfort
hotel-frutt-mountain-resort,Frutt Mountain Resort,Melchsee-Frutt,4,true,114,625.1,Premium,17687079,upper_upscale,true,wellness retreat | mountain adventure | culinary experience | event spaces | Spa | Wellness,mountain-wellness
hotel-geneva-marriott-hotel,Geneva Marriott Hotel,Cointrin,4,true,263,290.14,,18939353,upper_upscale,true,Glocal hospitality | Sustainable practices | Modern design | Business-friendly amenities | Culinary experiences | Spa,modern-design
hotel-glockenhof-zuerich,GLOCKENHOF ZÜRICH,Zürich,4,true,88,630,Premium,13760208,upper_upscale,true,central location | exceptional service | event hosting | Restaurant | Bar | Seminar facilities,urban-oasis
hotel-golfhotel-les-hauts-de-gstaad-spa,Golfhotel Les Hauts de Gstaad & SPA,Saanenmöser,4,true,57,295.03,,4173907,upper_upscale,true,family-friendly atmosphere | mountain scenery | year-round openness | Spa | Suites | Family-friendly,modern-design
hotel-grace-la-margna-st-moritz,Grace La Margna St. Moritz,St. Moritz,5,true,74,461.29,Premium,8472421,luxury,true,luxury | culinary excellence | wellness retreat | family-friendly | art and culture | Spa,understated-luxury
hotel-grand-hotel-belvedere,Grand Hotel Belvedere,Wengen,5,false,90,261.62,,5844068,luxury,true,Swiss Alps wellness | Ski and adventure experiences | Gastronomic journey through the Alps | Event and celebration services | Luxury alpine design | Spa,alpine-luxury
hotel-grand-hotel-des-bains,Grand Hotel des Bains,Lavey-les-Bains,4,false,70,343.11,Premium,5961193,upper_upscale,true,thermal wellness | spa services | fine dining | events and seminars | hotel accommodation | Spa,wellness-retreat
hotel-grand-hotel-des-bains-kempinski,Grand Hotel des Bains Kempinski,St. Moritz,5,true,184,1222.5,Luxury,55830108,luxury,true,luxury | ski access | hiking trails | wellness spa | fine dining | Spa,luxury
hotel-grand-hotel-du-lac,Grand Hôtel du Lac,Vevey,5,true,50,351.26,Premium,4359137,luxury,true,boutique hotel | gastronomic experiences | luxury and elegance | wellness destination | Spa | Wellness,upscale-luxury
hotel-grand-hotel-du-parc,Grand Hotel du Parc,Crans-Montana,4,false,68,407.5,Premium,6877622,upper_upscale,false,family-friendly | mountain retreat | wellness services | local culture | ski access | Spa,family-leisure
hotel-grand-hotel-europe,Grand Hotel Europe,Luzern,4,false,177,267.32,,11743742,business_conference,true,lake views | historic charm | modern amenities | elegant dining | event facilities | Spa,elegance
hotel-grand-hotel-les-endroits,Grand Hôtel les Endroits,La Chaux-de-Fonds,4,true,55,900,Luxury,12285900,luxury,true,wellness | gourmet dining | relaxation | special events | spa services | Spa,luxury-wellness
hotel-grand-hotel-les-trois-rois,Grand Hotel Les Trois Rois,Basel,5,true,82,510.19,Premium,10383591,luxury,true,luxury accommodation | fine dining | wellness services | meetings & events | experiences | Spa,luxury
hotel-grand-hotel-national,Grand Hotel National,Luzern,5,false,62,365.94,Premium,5631231,luxury,true,luxury | lakeside | historic elegance | fine dining | business-friendly | Spa,understated-luxury
hotel-grand-hotel-suisse-majestic,Grand Hotel Suisse Majestic,Montreux,4,true,155,307.25,Premium,11820215,upper_upscale,false,Belle Époque style | Wellness and relaxation | Culinary experience | Historical charm | Business and event facilities | Spa,heritage-elegance
hotel-grand-hotel-villa-castagnola,Grand Hotel Villa Castagnola,Lugano,5,true,71,559.09,Premium,9852396,luxury,true,luxury lakeside | fine dining | wellness retreat | artistic ambiance | historic charm | Spa,luxury
hotel-grandhotel-giessbach,Grandhotel Giessbach,Brienz BE,4,false,74,530.56,Premium,9744689,upper_upscale,true,alpine elegance | nature escape | wellness retreat | Restaurant | Excellent Cuisine | Hiking,heritage-elegance
hotel-grischa-das-hotel-davos,Grischa - DAS Hotel Davos,Davos Platz,4,true,93,272.21,,6283315,upper_upscale,false,active hotel | culinary experiences | pets welcome | Restaurant | Bar | Meeting rooms,active-leisure
hotel-gstaaderhof-active-relax-hotel,Gstaaderhof – Active & Relax Hotel,Gstaad,4,false,66,690.3,Premium,11307942,upper_upscale,false,Active & Relax | Wellness | Culinary | Outdoor Activities | Family-Friendly | Spa,welcoming-comfort
hotel-guarda-golf-hotel-residences,Guarda Golf Hotel & Residences,Crans-Montana,5,true,29,666.67,Premium,4798557,luxury,true,luxury hospitality | culinary experiences | wellness | Spa | Restaurant | Ski services,luxury
hotel-gubelhof-suites,Gubelhof Suites,Zug,4,false,20,313.77,Premium,1557554,upper_upscale,true,stylish apartments | individual & modern | comfortable luxury | city center location | ideal for short and long stays | personalized services,boutique-luxury
hotel-hermitage-lake-lucerne,HERMITAGE Lake Lucerne,Luzern,4,true,69,268.95,,4402779,upscale,true,lifestyle | lake view | modern hospitality | culinary experiences | events | Spa,lifestyle-luxury
hotel-hilton-geneva-hotel-conference-centre,Hilton Geneva Hotel & Conference Centre,Le Grand-Saconnex,4,true,496,285.25,,35116329,upper_upscale,true,conference facilities | airport shuttle services | city center access | Spa | Bar | Meeting rooms,business-conference
hotel-home-swiss-hotel,Home Swiss Hôtel,Genève,4,false,39,344.75,Premium,3337111,upper_upscale,true,modern elegance | business-friendly | central location | Spa | Restaurant | Ski services,modern-comfort
hotel-hop-apartments-suites,HOP Apartments & Suites,Unterseen,4,false,20,373.27,Premium,1852912,upper_upscale,true,alpine adventure | modern accommodations | family-friendly perks | Bar | Suites | Design,casual-leisure
hotel-hotel-adula,Hotel Adula,Flims Waldhaus,4,true,93,356.15,Premium,8220868,upper_upscale,true,alpine wellness | family vacations | business meetings | Swiss hospitality | Spa | Wellness,understated-luxury
hotel-hotel-albatros,Hotel Albatros,Zermatt,4,false,20,389.57,Premium,1933825,upper_upscale,true,family-owned | wellness | ski adventure | comfort & style | home away from home | Spa,family-leisure
hotel-hotel-alex-1,Hotel Alex,Zermatt,4,true,84,400.98,Premium,8359952,upper_upscale,true,luxury | wellness | fine dining | authentic traditions | mountain experience | Spa,understated-luxury
hotel-hotel-allalin,Hotel Allalin,Saas-Fee,4,false,30,336.59,Premium,2506249,upper_upscale,true,family-friendly accommodations | fine dining | wellness and outdoor activities | romantic escapes | conference facilities | Spa,modern-welcoming
hotel-hotel-alpenhof-1,Hotel Alpenhof,Zermatt,4,true,62,674,Premium,10371782,upper_upscale,true,wellness | family-run | nature | luxury | local tradition | Spa,wellness-luxury
hotel-hotel-ambassador,Hotel Ambassador,Zermatt,4,false,89,500,Premium,11044900,upper_upscale,true,alpine experiences | central location | wellness | culinary delights | traditional hospitality | Spa,alpine-comfort
hotel-hotel-angleterre,Hôtel Angleterre,Lausanne,4,false,75,302.36,Premium,5628431,upper_upscale,true,lac-view | garden oasis | wellness retreat | business-friendly | family-friendly | Spa,serene-luxury
hotel-hotel-aristella-swissflair,Hotel Aristella swissflair,Zermatt,4,false,28,530.56,Premium,3687180,upper_upscale,true,Swiss hospitality | wellness | modern design | mountain retreat | fine dining | Spa,alpine-boutique
hotel-hotel-banana-city,Hotel Banana City,Winterthur,4,false,100,348.82,Premium,8657712,upper_upscale,false,conference facilities | culinary experiences | business packages | wellness services | event hosting | Wellness,business-conference
hotel-hotel-beau-rivage,Hotel Beau-Rivage,Zermatt,4,false,13,582.72,Premium,1880204,upper_upscale,true,family-managed | central location | skiing expertise | Wellness | Restaurant | Bar,family-leisure
hotel-hotel-bellavista-1,Hotel Bellavista,Silvaplana-Surlej,4,false,31,365.94,Premium,2691397,upper_upscale,false,unique location | family tradition | culinary highlights | wellness services | Wellness | Restaurant,family-leisure
hotel-hotel-bellevue-palace,Hotel Bellevue Palace,Bern,5,true,126,433.58,Premium,13559434,luxury,true,Historical significance | Luxury hospitality | Central location in Bern | Meeting and event facilities | Fine dining | Spa,understated-luxury
hotel-hotel-belvedere-locarno,Hotel Belvedere Locarno,Locarno,4,true,90,368.38,Premium,8228872,upper_upscale,true,Mountain views | Wellness & Spa services | Gastronomy | Romantic getaways | Family-friendly experiences | Events & Meetings,elegant-relaxation
hotel-hotel-bristol-2,Hôtel Bristol,Genève,4,true,110,403.42,Premium,11014173,upper_upscale,true,Art Deco design | Wellness and relaxation | Gourmet dining | Spa | Restaurant | Bar,luxury-boutique
hotel-hotel-cailler,Hôtel Cailler,Charmey (Gruyère),4,false,63,688,Premium,10757981,upper_upscale,true,wellness retreat | gastronomic dining | charming alpine stay | family-friendly | business conferences | Spa,charming-wellness
hotel-hotel-chateau-douchy,Hôtel Château d'Ouchy,Lausanne,4,true,50,299,,3710590,upper_upscale,true,luxury accommodations | culinary experiences | wellness and relaxation | sustainable practices | events and meetings | Spa,luxury
hotel-hotel-chateau-guetsch,Hotel Château Gütsch,Luzern,4,true,37,299.92,,2754285,upper_upscale,true,luxury boutique | scenic views | culinary experiences | historical charm | Spa | Restaurant,upscale-boutique
hotel-hotel-chesa-grischuna,Hotel Chesa Grischuna,Klosters,4,false,20,490,Premium,2432360,upper_upscale,true,Mountain Elegance | Historic Authenticity | Glamorous Ski Retreat | Restaurant | Bar | Ski services,elegant-historic
hotel-hotel-coeur-des-alpes,Hotel Coeur des Alpes,Zermatt,4,false,22,838.89,Luxury,4580675,luxury,false,boutique accommodation | Zermatt location | elegant comfort | Spa | Boutique | Design,boutique-luxury
hotel-hotel-cordee-des-alpes,Hôtel Cordée des Alpes,Verbier,4,true,32,556.64,Premium,4421058,upper_upscale,true,"Luxury boutique accommodation | Spa and wellness retreat | Ski-in, ski-out access | Gourmet dining experience | Event hosting | Spa",luxury-boutique
hotel-hotel-coronado,Hotel Coronado,Mendrisio,4,false,108,344.75,Premium,9241231,upper_upscale,false,congress facilities | business meetings | culinary experiences | cultural and natural attractions | comfortable accommodations | Spa,business-conference
hotel-hotel-crystal-2,Hotel Crystal,St. Moritz,4,true,74,389.57,Premium,7155154,upper_upscale,true,Alpine luxury | Wellness retreat | Culinary experiences | Adventure tourism | Cultural exploration | Spa,understated-luxury
hotel-hotel-de-la-cigogne,Hôtel de la Cigogne,Genève,5,false,49,462.1,Premium,5619968,luxury,false,Spa | Swisstainable Livello II - engaged,luxury
hotel-hotel-de-rougemont-spa,Hôtel de Rougemont & Spa,Rougemont,4,true,33,456.4,Premium,3738190,upper_upscale,true,alpine wellness | sustainable tourism | traditional Swiss charm | Spa | Ski services | Excellent Cuisine,understated-luxury
hotel-hotel-de-verbier,Hôtel de Verbier,Verbier,4,true,31,480.85,Premium,3699756,upper_upscale,false,alpine hospitality | luxury spa | family-friendly | modern comfort | elegant dining | Spa,understated-luxury
hotel-hotel-des-innovations,Hôtel des Innovations,Marly,4,false,167,277.1,,11485629,business_conference,true,wellness | business | conference | Spa | Restaurant | Bar,contemporary-comfort
hotel-hotel-des-trois-couronnes,Hôtel des Trois Couronnes,Vevey,5,false,71,510.19,Premium,8990670,luxury,true,timeless elegance | lake views | fine dining | wellness retreat | historical exploration | Spa,understated-luxury
hotel-hotel-eden-spiez,Hotel Eden Spiez,Spiez,4,true,45,383.86,Premium,4098185,upper_upscale,true,Wellness | Culinary Experiences | Scenic Views | Spa | Restaurant | Bar,luxury-leisure
hotel-hotel-eden-wellness,Hotel Eden Wellness,Zermatt,4,false,30,558.27,Premium,4156878,upper_upscale,true,wellness | family-run | mountain retreat | Spa | Restaurant | Bar,family-leisure
hotel-hotel-firefly,Hotel Firefly,Zermatt,4,true,16,646.29,Premium,2566547,upper_upscale,false,luxury suites | personalized service | wellness and relaxation | family-friendly | pet-friendly | Spa,luxury-boutique
hotel-hotel-giardino-ascona,Hotel Giardino Ascona,Ascona,5,true,71,581.09,Premium,10240084,luxury,true,luxury retreat | fine dining | wellness | Mediterranean charm | serene environment | Spa,luxury
hotel-hotel-helmhaus,Hotel Helmhaus,Zürich,4,false,24,365.94,Premium,2179831,upper_upscale,true,boutique hotel | cultural experience | urban retreat | Spa | Family-friendly | Boutique,understated-luxury
hotel-hotel-kirchbuehl,Hotel Kirchbühl,Grindelwald,4,false,42,300.73,Premium,3134930,upper_upscale,false,nature-inspired retreat | panoramic views | culinary excellence | alpine wellness | active lifestyle | Spa,alpine-boutique
hotel-hotel-laaxerhof,Hotel Laaxerhof,Laax GR 2,4,false,89,321.92,Premium,7111148,upper_upscale,false,alpine relaxation | family-friendly | regional cuisine | active adventures | Spa | Restaurant,family-leisure
hotel-hotel-landhaus-2,Hotel Landhaus,Münster VS,4,false,31,330.07,Premium,2427582,upscale,true,alpine wellness | urban lifestyle | traditional hospitality | Ski services | Suites | Family-friendly,modern-design
hotel-hotel-laudinella,Hotel Laudinella,St. Moritz,4,false,185,266.5,,12236881,business_conference,true,Cultural hospitality | Stylish accommodations | Culinary experiences | Wellness and relaxation | Event venues | Nature experiences,upscale-boutique
hotel-hotel-le-chalet-dadrien,Hôtel Le Chalet d'Adrien,Verbier,5,true,27,406.37,Premium,2723248,luxury,false,luxury | wellness | gourmet dining | alpine views | comfortable hospitality | Spa,luxury
hotel-hotel-le-grand-chalet,Hotel Le Grand Chalet,Gstaad,4,false,23,356.15,Premium,2033118,upper_upscale,true,alpine retreat | boutique hospitality | fine dining | Restaurant | Excellent Cuisine | Hiking,alpine-boutique
hotel-hotel-lenzerhorn-alpine-stay-spa-savour,"Hotel Lenzerhorn – Alpine Stay, Spa & Savour",Lenzerheide/Lai,4,false,38,303.03,Premium,2858058,upper_upscale,true,Alpine wellness | Luxury accommodations | Culinary offerings | Spa | Wellness | Restaurant,alpine-luxury
hotel-hotel-les-armures,Hôtel Les Armures,Genève,5,false,32,467.81,Premium,3715534,luxury,true,boutique hotel | historical charm | intimate atmosphere | refined dining | central location | wellness,elegant-boutique
hotel-hotel-lido-seegarten,Hotel Lido Seegarten,Lugano,4,false,64,320.29,Premium,5087743,upper_upscale,true,Lakefront location | Family-run for nearly 100 years | Close to city center | Various stay options | Personalized service | Restaurant,comfortable-style
hotel-hotel-loewen-am-see,Hotel Löwen am See,Zug,4,false,47,447.43,Premium,5219450,upper_upscale,true,urban charming stay | culinary excellence | event hosting | Bar | Valutazione su Ginto,contemporary-comfort
hotel-hotel-lounge-lago-maggiore,Hotel & Lounge Lago Maggiore,Locarno,4,false,46,366.75,Premium,4187258,upper_upscale,true,lungolago | modern design | comfort and style | Spa | Restaurant | Bar,understated-luxury
hotel-hotel-maerthof,Hotel Märthof,Basel,4,true,68,368.38,Premium,6217370,upper_upscale,true,city-center location | wellness facilities | unique room designs | fine dining | direct booking advantages | Spa,boutique-luxury
hotel-hotel-maistra-160,Hotel Maistra 160,Pontresina,4,true,47,441.73,Premium,5152957,upper_upscale,false,High Alpine Living | Culinary Excellence | Spa and Wellness | Spa | Restaurant | Bar,understated-luxury
hotel-hotel-matthiol,Hotel Matthiol,Zermatt,4,true,31,618.58,Premium,4759478,upper_upscale,true,boutique accommodations | alpine experience | families and friends retreats | Spa | Restaurant | Bar,alpine-boutique
hotel-hotel-metropol-spa-zermatt,Hotel Metropol & Spa Zermatt,Zermatt,4,false,20,534.64,Premium,2653953,upper_upscale,true,family-friendly | spa | alpine views | local cuisine | outdoor activities | Restaurant,family-leisure
hotel-hotel-metropole-geneve,Hôtel Métropole Genève,Genève,5,true,102,621.03,Premium,15722244,luxury,true,luxury | family-friendly | scenic location | dining experience | event spaces | Spa,luxury
hotel-hotel-monte-rosa,Hotel Monte Rosa,Zermatt,4,false,41,775.06,Premium,7887166,luxury,true,alpine hospitality | historic elegance | culinary experiences | Spa | Wellness | Restaurant,understated-luxury
hotel-hotel-muerren-palace,Hotel Mürren Palace,Mürren,4,true,49,398.53,Premium,4846842,upper_upscale,true,Alpine lifestyle | Historical significance | Wellness retreat | Spa | Wellness | Restaurant,alpine-boutique
hotel-hotel-national,Hotel National,Zermatt,4,true,54,260.8,,3495450,upper_upscale,true,mountain wellness | family-friendly atmosphere | personalized service | Spa | Wellness | Restaurant,understated-luxury
hotel-hotel-nendaz-4-vallees-spa,Hôtel Nendaz 4 Vallées & Spa,Haute-Nendaz,4,true,62,319.48,Premium,4916286,upper_upscale,true,spa wellness | family-friendly | alpine luxury | ski services | wellness retreats | Spa,alpine-luxury
hotel-hotel-nira-alpina,Hotel NIRA ALPINA,Silvaplana,4,true,70,754.69,Premium,13111984,luxury,true,Alpine retreat | Luxury accommodations | Wellness experiences | Biking | Hiking | Snowsports,understated-luxury
hotel-hotel-olden,Hotel Olden,Gstaad,4,true,8,587.62,Premium,1166778,upper_upscale,true,luxury accommodation | traditional architecture | modern amenities | personalized service | culinary excellence | Restaurant,understated-luxury
hotel-hotel-palafitte,Hôtel Palafitte,Neuchâtel,5,false,38,292.58,,2759498,luxury,true,lakefront luxury | wellness escapes | culinary experiences | Spa | Wellness | Restaurant,relaxed-luxury
hotel-hotel-piz-buin,Hotel Piz Buin,Klosters,4,true,53,314.59,Premium,4138306,upper_upscale,true,Alpine comfort | Wellness retreat | Culinary experience | Luxury accommodation | Spa | Wellness,alpine-luxury
hotel-hotel-riffelalp-resort-2222-m,Hotel Riffelalp Resort 2222 m,Zermatt,5,true,70,892.71,Luxury,15509944,luxury,true,alpine wellness | tranquility | fine dining | Spa | Restaurant | Meeting rooms,rustic-luxury
hotel-hotel-riffelhaus-1853,Hotel Riffelhaus 1853,Zermatt,4,false,25,671.56,Premium,4167030,upper_upscale,true,alpine adventure | culinary experiences | wellness spa | Spa | Restaurant | Bar,alpine-boutique
hotel-hotel-rotary-geneva-mgallery,Hotel Rotary Geneva MGallery,Genève,4,true,95,294.21,,6937178,upper_upscale,true,Boutique-style | Comfortable City Stay | Proximity to Lake Geneva | Spa | Wellness | Restaurant,understated-luxury
hotel-hotel-royal-3,Hôtel Royal,Crans-Montana,5,false,51,383.05,Premium,4848724,luxury,false,alpine wellness | family-friendly | chalet-style | Spa | Restaurant | Ski services,chalet-boutique
hotel-hotel-saratz,Hotel Saratz,Pontresina,4,false,91,400.16,Premium,9038094,upper_upscale,true,winter sports | fine dining | wellness and relaxation | family-friendly experiences | event hosting | Spa,upscale-leisure
hotel-hotel-schweizerhof-1,Hotel Schweizerhof,Zermatt,4,true,95,294.21,,6937178,upper_upscale,true,luxury design | mountain wellness | ski access | Spa | Wellness | Restaurant,luxury
hotel-hotel-schweizerhof-bern-spa,Hotel Schweizerhof Bern & Spa,Bern,5,true,99,433.58,Premium,10653841,luxury,false,Wellness | Gastronomie | Stadtblick | Spa | Business | Congresses,understated-luxury
hotel-hotel-schweizerhof-lenzerheide,Hotel Schweizerhof Lenzerheide,Lenzerheide/Lai,4,true,74,318.66,Premium,5852764,upper_upscale,true,alpine wellness | culinary experience | sustainability | modern design | Spa | Wellness,rustic-elegance
hotel-hotel-schweizerhof-luzern,Hotel Schweizerhof Luzern,Luzern,5,false,101,387.94,Premium,9724958,luxury,true,Luxury accommodation | Cultural events | Historic significance | Wellness services | Fine dining | Spa,luxury
hotel-hotel-schweizerhof-st-moritz,Hotel Schweizerhof St. Moritz,St. Moritz,4,false,82,467.81,Premium,9521056,upper_upscale,true,Alpine wellness | Culinary experiences | Family-friendly accommodations | Ski access | Central location | Historical charm,luxury-charm
hotel-hotel-schweizerhof-zuerich,Hotel Schweizerhof Zürich,Zürich,5,false,95,784.03,Premium,18486643,luxury,true,historic charm | modern luxury | central location | business-friendly | culinary excellence | Restaurant,understated-luxury
hotel-hotel-seedamm-plaza,Hotel Seedamm Plaza,Pfäffikon SZ,4,false,142,299,,10538076,business_conference,true,hotel wellness | dining and nightlife | event location | meetings and seminars | family activities | Spa,alpine-wellness
hotel-hotel-seehof-davos,Hotel Seehof Davos,Davos Dorf,5,false,114,276.28,,7817287,luxury,true,alpine heritage | family-friendly | culinary experiences | wellness retreat | nature excursions | Spa,elegant-traditional
hotel-hotel-seepark-thun,Hotel Seepark Thun,Thun,4,true,91,264.06,,5964112,upper_upscale,true,seminars | weddings | culinary experiences | events | wellness | Spa,relaxation-luxury
hotel-hotel-simi,Hotel Simi,Zermatt,4,false,42,439.28,Premium,4579230,upper_upscale,true,wellness | family-friendly | central location | Spa | Restaurant | Bar,comfortable-leisure
hotel-hotel-sonne-4,Hotel Sonne,Zermatt,4,true,48,475.14,Premium,5660628,upper_upscale,true,wellness retreat | winter packages | family-friendly | gourmet dining | conferences and events | Spa,relaxing-luxury
hotel-hotel-st-gotthard,Hotel St. Gotthard,Zürich,4,true,139,363.49,Premium,12540332,upper_upscale,true,hospitality | timeless elegance | central location | business events | culinary experiences | Spa,understated-luxury
hotel-hotel-steffani,Hotel Steffani,St. Moritz,4,false,61,461.29,Premium,6984023,upper_upscale,true,family-owned heritage | luxury boutique | wellness retreat | culinary experiences | ski access | Spa,luxury-boutique
hotel-hotel-suvretta-house,Hotel Suvretta House,St. Moritz,5,true,176,779.95,Premium,34070712,luxury,true,alpine wellness | luxury | family-friendly | Spa | Wellness | Biking,understated-luxury
hotel-hotel-valrose,Hotel Valrose,Rougemont,4,false,12,390,Premium,1161576,upper_upscale,true,four-star comfort | alpine village charm | gourmet dining | Restaurant | Bar | Boutique,charming-alpine
hotel-hotel-vitznauerhof,Hotel Vitznauerhof,Vitznau,4,true,53,257.54,,3387836,upper_upscale,true,alpine wellness | luxury comfort | culinary experiences | historic charm | event space | Spa,boutique-luxury
hotel-hotel-waldegg,Hotel Waldegg,Engelberg,4,false,32,474.33,Premium,3767319,upper_upscale,true,adults-only | wellness | fine dining | alpine views | luxury | Spa,luxury
hotel-hotel-waldhaus-1,Hotel Waldhaus,Sils/Segl Maria,5,false,140,581,Premium,20188588,luxury,true,charming mountain village | family-friendly | legendary history | culinary experiences | wellness spa | Spa,understated-luxury
hotel-hotel-wellenberg,Hotel Wellenberg,Zürich,4,false,44,555.83,Premium,6070108,upper_upscale,true,central location | comfortable accommodation | urban experience | Boutique,welcoming
hotel-hotel-zermama,Hotel ZERMAMA,Zermatt,4,false,29,480.85,Premium,3461062,upper_upscale,true,Cozy and Cool | Family-inspired hospitality | Mountain adventure | Cultural richness | Bar | Family-friendly,family-leisure
hotel-huus-gstaad-hotel,HUUS Gstaad Hotel,Saanen,4,true,136,347.19,Premium,11719468,upper_upscale,true,alpine charm | modern elegance | culinary experiences | wellness | group events | Spa,alpine-boutique
hotel-in-lain-hotel-cadonau,In Lain Hotel Cadonau,Brail,5,true,14,751.43,Premium,2611069,luxury,false,alpine wellness | culinary experiences | luxurious stays | family-friendly accommodations | Spa | Wellness,luxury-boutique
hotel-intercityhotel-geneva,IntercityHotel Geneva,Châtelaine,4,false,270,262,,17557668,business_conference,true,urban wellness | business travel | city exploration | well-connected | Spa | Restaurant,modern-business
hotel-kempinski-palace-engelberg,Kempinski Palace Engelberg,Engelberg,5,true,129,806.03,Luxury,25807307,luxury,true,luxury resort | wellness spa | fine dining | event facilities | alpine destination | Spa,understated-luxury
hotel-kurhotel-im-park,Kurhotel Im Park,Schinznach Bad,4,false,32,351.26,Premium,2789847,upper_upscale,true,wellness and relaxation | family-friendly activities | culinary delights | rehabilitation services | golf | Spa,wellness-retreat
hotel-kurve-apartments-lounge,KURVE Apartments & Lounge,Adelboden,4,false,38,330.07,Premium,3113088,upper_upscale,true,urban-meeting-place | outdoor-adventure | family-friendly | self-check-in | Spa | Meeting rooms,modern-lively
hotel-la-palma-au-lac-hotel-spa,LA PALMA AU LAC HOTEL & SPA,Locarno,4,false,70,340,Premium,5907160,upper_upscale,true,lakeside luxury | wellness retreat | modern design | culinary excellence | Spa | Wellness,luxury
hotel-la-reserve-geneve-hotel-spa-and-villa,"La Réserve Genève Hotel, Spa and Villa",Bellevue,5,true,102,578.82,Premium,14653639,luxury,true,lakefront retreat | wellness spa | family-friendly services | culinary excellence | nature immersion | Spa,luxury-relaxation
hotel-la-val-hotel-spa,La Val Hotel & Spa,Breil/Brigels,4,true,38,516.71,Premium,4873402,upper_upscale,true,alpine wellness | luxury hideaway | award-winning spa | cuisine excellence | family-friendly | pet-friendly,luxury-alpine
hotel-laret-private-boutique-hotel-adults-only,LARET private Boutique Hotel - Adults only,Samnaun-Compatsch,4,false,15,506.93,Premium,1887300,upper_upscale,false,adults-only | romantic getaway | alpine tranquility | stylish ambiance | personalized service | Ski services,understated-luxury
hotel-lausanne-palace,Lausanne Palace,Lausanne,5,true,139,351.26,Premium,12118400,luxury,true,historic charm | luxury accommodation | cultural experiences | gastronomic excellence | wellness retreat | Spa,luxury
hotel-le-grand-bellevue,Le Grand Bellevue,Gstaad,5,true,57,665.85,Premium,9420046,luxury,false,luxury accommodations | gourmet dining | wellness and spa | outdoor activities | family-friendly | business conferences,understated-luxury
hotel-le-mirabeau-resort-spa,Le Mirabeau Resort & Spa,Zermatt,4,true,78,425.43,Premium,8236155,upper_upscale,false,family-run | French flair | wellness | fine dining | mountain views | Spa,upscale-boutique
hotel-le-mirador-resort-spa,Le Mirador Resort & Spa,Le Mont-Pèlerin,5,false,64,433.58,Premium,6887332,luxury,true,wellness | culinary experience | luxury accommodation | meeting and event spaces | stunning views | Spa,luxury
hotel-lecrans-hotel-spa,LeCrans Hotel & Spa,Crans-Montana,5,true,16,277.1,,1100420,luxury,false,alpine wellness | fine dining | luxury spa | family-friendly suites | panoramic views | adventure experiences,luxury-boutique
hotel-lenkerhof-gourmet-spa-resort,Lenkerhof gourmet spa resort,Lenk im Simmental,5,true,83,598.21,Premium,12323485,luxury,true,gourmet dining | wellness and spa | scenic location | luxury accommodation | family-friendly | Spa,understated-luxury
hotel-limmathof-private-spa,Limmathof Private Spa,Baden,4,false,11,413.2,Premium,1128119,upper_upscale,true,wellness and spa | historical thermal source | individual guest experience | Spa | Wellness | Suites,upscale-relaxation
hotel-luganodante-boutique-lifestyle-hotel,LUGANODANTE Boutique & Lifestyle Hotel,Lugano,4,true,85,309.7,Premium,6533741,upper_upscale,true,Boutique and lifestyle | Urban lounge | Relaxing garden | Hybrid hospitality | Restaurant | Bar,modern-design
hotel-maerchenhotel-braunwald-18,Märchenhotel Braunwald,Braunwald,4,true,42,1200,Luxury,12509280,luxury,false,family-friendly | wellness escape | winter activities | alpine adventure | storybook experience | Spa,family-leisure
hotel-maiensaesshotel-guardaval,Maiensässhotel Guardaval,Lenzerheide/Lai,4,true,50,995,Luxury,12347950,luxury,true,rustic charm | mountain wellness | gourmet cuisine | romantic getaway | family ski holidays | Spa,luxury-nature
hotel-mandarin-oriental-geneva,Mandarin Oriental Geneva,Genève,5,true,178,770.17,Premium,34025803,luxury,true,luxury hospitality | river views | family-friendly accommodations | dining options | wellness offerings | events and meetings,luxury
hotel-mandarin-oriental-palace-luzern,"Mandarin Oriental Palace, Luzern",Luzern,5,true,136,638.14,Premium,21540543,luxury,true,luxury experience | spectacular lake views | culinary excellence | wellness offerings | family-friendly | Spa,luxury
hotel-mandarin-oriental-savoy,Mandarin Oriental Savoy,Zürich,5,true,80,728.61,Premium,14467280,luxury,true,luxury hotels | resorts | private vacation homes | exceptional service | contemporary luxury | Spa,luxury
hotel-marktgasse-hotel,Marktgasse Hotel,Zürich,4,false,39,351,Premium,3397610,upper_upscale,true,historic charm | boutique experience | city retreat | Spa | Meeting rooms | Design,boutique-luxury
hotel-me-and-all-hotel-flims-by-hyatt,Me and All Hotel Flims by Hyatt,Flims Dorf,4,false,73,408.36,Premium,7398911,upper_upscale,true,four-star comfort | nature harmony | wellness services | Spa | Wellness | Restaurant,modern-design
hotel-melchtal-resort,Melchtal Resort,Melchtal,4,false,20,326.81,Premium,1622285,upper_upscale,true,serviced apartments | wellness | outdoor activities | family-friendly | local cuisine | Spa,elegant-comfort
hotel-moevenpick-hotel-lausanne,Mövenpick Hotel Lausanne,Lausanne,4,true,337,322.74,Premium,26995071,upper_upscale,true,luxury lakeside stay | sustainable travel | event and meeting facilities | Spa | Restaurant | Bar,understated-luxury
hotel-mont-cervin-palace,Mont Cervin Palace,Zermatt,5,true,150,556.64,Premium,20723707,luxury,true,alpine wellness | fine dining | family-friendly accommodations | luxury heritage | alpine views | Spa,luxury-alpine
hotel-montela-apartment-hotel-resort-holiday-stay,MONTELA Apartment-Hotel & Resort - Holiday Stay,Saas-Grund,4,false,77,850,Luxury,16244690,luxury,true,central location | state-of-the-art apartments | family-friendly | flexible service options | wellness | Spa,family-leisure
hotel-morosani-posthotel,Morosani Posthotel,Davos Platz,4,false,90,304,Premium,6790752,upper_upscale,true,elegant accommodations | welcoming ambiance | historic charm | dining experiences | event hosting | Restaurant,understated-luxury
hotel-morosani-schweizerhof,Morosani Schweizerhof,Davos Platz,4,true,100,421.35,Premium,10457907,upper_upscale,true,elegant accommodations | relaxed atmosphere | fine dining | meeting facilities | long-established hospitality | Restaurant,elegant-luxury
hotel-naco-aparthotel-by-arca,Naco Aparthotel by Arca,Zermatt,4,false,28,326.81,Premium,2271199,upper_upscale,true,wellness | cozy accommodation | kitchenette facilities | local cuisine | mountain activities | Spa,cozy-practical
hotel-neues-schloss-privat-hotel-zuerich,Neues Schloss Privat Hotel Zürich,Zürich,5,false,57,524.86,Premium,7425404,luxury,false,Business | Design,
hotel-nomad-design-lifestyle-hotel,Nomad Design & Lifestyle Hotel,Basel,4,false,65,533.01,Premium,8599050,upper_upscale,true,design-led | lifestyle | central location | Bar | Meeting rooms | Suites,modern-design
hotel-nomad-lodge-by-cervo-mountain-resort,Nomad Lodge by CERVO Mountain Resort,Zermatt,4,false,13,392,Premium,1264827,upper_upscale,true,alpine wellness | exploration | luxury accommodations | culinary experience | community-oriented | mindful lifestyle,casual-luxury
hotel-novotel-lugano-paradiso,Novotel Lugano Paradiso,Paradiso,4,true,96,299.92,,7146254,upper_upscale,true,Family-friendly | Ecocertified | Business accommodations | Mediterranean cuisine | Wellness amenities | Spa,family-leisure
hotel-oberwaid-das-hotel-die-klinik,Oberwaid - Das Hotel. Die Klinik.,St. Gallen,4,true,36,283.62,,2534201,upper_upscale,false,modern medicine | wellness | luxury hospitality | nature retreat | medical expertise | Spa,understated-luxury
hotel-park-hotel-am-rhein,Park-Hotel am Rhein,Rheinfelden,4,false,36,326.81,Premium,2920113,upper_upscale,true,spa wellness | cuisine | relaxation | medical wellness | hospitality | Spa,wellness
hotel-park-hotel-principe,PARK HOTEL PRINCIPE,Montagnola,4,false,42,348,Premium,3627691,upper_upscale,true,relaxed hospitality | green park setting | spacious rooms | wellness and fitness | Half Board dining | Spa,relaxed-leisure
hotel-park-hotel-zug,Park Hotel Zug,Zug,4,true,109,391.2,Premium,10583447,upper_upscale,true,luxury accommodation | wellness facilities | cuisine | central location | family-friendly | Spa,modern-luxury
hotel-park-hyatt-zurich,Park Hyatt Zurich,Zürich,5,true,138,733.5,Premium,25123549,luxury,true,luxury | spa wellness | fine dining | city-center location | weddings and celebrations | Spa,understated-luxury
hotel-parkhotel-delta-wellbeing-resort,Parkhotel Delta Wellbeing Resort,Ascona,4,true,63,276.28,,4320080,upper_upscale,true,lake-side retreat | nature-focused | personalized service | Spa | Restaurant | Meeting rooms,family-leisure
hotel-postresidenz-am-see,Postresidenz am See,Arosa,5,false,29,383.05,Premium,2757117,luxury,true,alpine luxury | direct ski access | spa services | fine dining | Spa | Restaurant,premium-alpine
hotel-pradas-resort,Pradas Resort,Breil/Brigels,4,false,83,277.1,,5708426,serviced_apartments,true,family-friendly | wellness retreat | outdoor activities | lake resort | sustainable tourism | Spa,family-leisure
hotel-radisson-blu-hotel-reussen-andermatt,"Radisson Blu Hotel Reussen, Andermatt",Andermatt,4,true,179,398.53,Premium,17705811,upper_upscale,true,spa | luxury | indoor heated pool | couples | great location | Wellness,luxury
hotel-reka-ferienanlage-chesa-engiadina-madulain,Reka-Ferienanlage Chesa Engiadina Madulain,Madulain,4,false,16,2249,Luxury,8931229,luxury,true,Boutique-style | Family-friendly | Wellness | Outdoor activities | Swiss Bike Hotel | Spa,family-leisure
hotel-reka-ferienanlage-scuol,Reka-Ferienanlage Scuol,Scuol,4,false,18,351.26,Premium,1569289,upper_upscale,true,Family-friendly accommodations | Outdoor activities | Wellness and relaxation | Biking and hiking | Spa | Wellness,family-leisure
hotel-reka-feriendorf-hasliberg,Reka-Feriendorf Hasliberg,Hasliberg Wasserwendi,4,false,60,491.93,Premium,7325822,upper_upscale,true,family-friendly accommodation | wellness services | outdoor activities | children's programs | ski access | Spa,family-leisure
hotel-relais-chateaux-chasa-montana,Relais & Châteaux Chasa Montana,Samnaun Dorf,5,true,45,396.9,Premium,4432976,luxury,true,Alpine luxury hideaway | Gourmet culinary experiences | Wellness and relaxation | Outdoor adventures | Exclusive packages | Spa,understated-luxury
hotel-relais-chateaux-hotel-walther,Relais & Châteaux Hotel Walther,Pontresina,4,true,70,290,,5038460,upper_upscale,true,family-friendly | wellness | alpine tradition | culinary diversity | outdoor activities | Spa,modern-alpine
hotel-renaissance-zurich-tower-hotel,Renaissance Zurich Tower Hotel,Zürich,5,false,300,277.91,,20693179,luxury,true,urban adventure | family-friendly | business travel | culinary experiences | design-inspired | Spa,modern-comfort
hotel-resort-hof-weissbad,Resort Hof Weissbad,Weissbad,4,true,90,440.91,Premium,9849048,upper_upscale,true,wellness retreat | family-friendly | nature experience | culinary excellence | outdoor activities | Spa,relaxed-luxury
hotel-rocksresort,rocksresort,Laax GR 2,4,false,186,321.92,Premium,14861501,upper_upscale,true,Family-friendly | Ski-in/Ski-out | Luxury apartments | Nature experiences | Year-round activities | Wellness,family-leisure
hotel-romantik-hotel-saentis,Romantik Hotel Säntis,Appenzell,4,false,36,334.15,Premium,2985697,upper_upscale,true,Tradition | Comfort | Culinary Experiences | Wellness | Business Facilities | Spa,traditional-comfort
hotel-royal-savoy-hotel-spa,Royal Savoy Hotel & Spa,Lausanne,5,false,196,682,Premium,33177390,luxury,false,luxurious 5-star hotel | historic charm | modern elegance | spa services | breathtaking views | Spa,timeless-elegance
hotel-schloss-zermatt,SCHLOSS Zermatt,Zermatt,4,true,61,374.9,Premium,5676061,upper_upscale,true,wellness retreat | fitness and yoga | CBD spa | alpine wellness | luxury accommodations | Spa,wellness-luxury
hotel-schweizerhaus-swiss-quality-hotel,Schweizerhaus Swiss Quality Hotel,Maloja,4,false,22,414.83,Premium,2165205,upper_upscale,true,rustic traditional | modern trendy | family-friendly | wellness and outdoor activities | culinary excellence | Spa,rustic-modern
hotel-schweizerhof-flims-romantik-hotel,"Schweizerhof Flims, Romantik Hotel",Flims Waldhaus,4,false,48,320.29,Premium,3815807,upper_upscale,true,wellness spa | historical charm | romantic getaway | yoga retreats | family-friendly services | Spa,understated-luxury
hotel-seehotel-pilatus,Seehotel Pilatus,Hergiswil NW,4,false,72,803.59,Luxury,14360475,luxury,false,wellness | culinary | panoramic views | relaxation | event spaces | Spa,understated-luxury
hotel-seehotel-waldstaetterhof-swiss-quality,Seehotel Waldstätterhof Swiss Quality,Brunnen,4,false,104,491.44,Premium,12685442,upper_upscale,true,Lakefront location | Alpine wellness | Culinary experiences | Event hosting | Family-friendly atmosphere | Spa,traditional-luxury
hotel-seerose-resort-spa,Seerose Resort & Spa,Meisterschwanden,4,false,90,381.42,Premium,8520160,upper_upscale,true,Thai hospitality | luxurious spa experience | fine dining | romantic getaways | event hosting | Spa,luxury-resort
hotel-silvretta-parkhotel,Silvretta Parkhotel,Klosters,4,false,74,373.27,Premium,6855775,upper_upscale,true,family-friendly | wellness | sports activities | traditional cuisine | Spa | Restaurant,family-leisure
hotel-six-senses-crans-montana,Six Senses Crans-Montana,Crans-Montana,5,true,76,740.83,Premium,13974424,luxury,true,Alpine wellness | Ski-in/Ski-out access | Luxury getaway | Cultural experiences | Gourmet dining | Spa,luxury-alpine
hotel-solbadhotel-sigriswil,Solbadhotel Sigriswil,Sigriswil,4,false,72,372.45,Premium,6655830,upper_upscale,true,wellness retreat | regional cuisine | panoramic views | Spa | Wellness | Restaurant,wellness-luxury
hotel-sonnmatt-luzern,Sonnmatt Luzern,Luzern,4,true,41,422.98,Premium,4304329,upper_upscale,true,health and wellness | senior living | cultural engagement | gourmet dining | Spa | Wellness,wellness-retreat
hotel-sorell-boutique-hotel-st-peter,Sorell Boutique-Hotel St. Peter,Zürich,4,true,44,393.64,Premium,4298864,upper_upscale,true,Boutique hotel | Central location | Modern design | Cozy dining experience | Wellness facilities | Spa,boutique-luxury
hotel-storchen-zuerich,Storchen Zürich,Zürich,5,false,64,767.73,Premium,12195238,luxury,true,Boutique hotel | Fine dining restaurant | Rooftop bar | Social hub | Spa | Restaurant,upscale-boutique
hotel-sunstar-hotel-brissago,Sunstar Hotel Brissago,Brissago,4,false,32,365.94,Premium,2906442,upper_upscale,true,culinary experience | wellbeing | Italian charm | Spa | Wellness | Restaurant,luxury-leisure
hotel-sunstar-hotel-grindelwald,Sunstar Hotel Grindelwald,Grindelwald,4,false,218,361.86,Premium,19579376,upper_upscale,true,wellness | seminar hotel | spectacular mountain views | family-friendly | early booking discount | Spa,wellness-luxury
hotel-sunstar-hotel-lenzerheide,Sunstar Hotel Lenzerheide,Lenzerheide/Lai,4,false,88,394.46,Premium,8615638,upper_upscale,true,active lifestyle | family-friendly | wellness retreat | alpine adventure | Spa | Wellness,active-leisure
hotel-swiss-alpine-hotel-allalin,Swiss Alpine Hotel Allalin,Zermatt,4,false,30,612.06,Premium,4557399,upper_upscale,true,alpine wellness | comfortable accommodation | family-run hospitality | best-price guarantee | Spa | Wellness,comfortable
hotel-swiss-diamond-boutique-hotel-la-romantica,Swiss Diamond Boutique Hotel La Romantica,Melide,5,true,26,536.27,Premium,3460658,luxury,true,timeless elegance | contemporary design | lake view | wellness | culinary experiences | Spa,elegant-sophistication
hotel-swiss-diamond-hotel,Swiss Diamond Hotel,Vico Morcote,5,false,87,311.33,Premium,6722673,luxury,true,luxury | elegant accommodations | romantic getaway | wellness services | fine dining | Spa,luxury
hotel-swiss-hotel-apartments-interlaken,Swiss Hotel Apartments Interlaken,Interlaken,5,false,20,286.06,,1420002,luxury,true,luxurious apartments | easy mountain access | family-friendly | high-standard furnishings | mountain views | Spa,luxury
hotel-swiss-luxury-apartments,Swiss Luxury Apartments,Genève,5,false,24,497.96,Premium,2966248,luxury,true,luxurious accommodation | business-friendly services | modern amenities | Spa | Restaurant | Bar,luxury
hotel-the-alpina-gstaad,The Alpina Gstaad,Gstaad,5,true,56,690.3,Premium,9594618,luxury,true,luxury | Alpine experience | personalized service | wellness | Spa | Restaurant,understated-luxury
hotel-the-cambrian,The Cambrian,Adelboden,4,true,72,400.16,Premium,7151019,upper_upscale,true,Alpine wellness | Local culinary experiences | Outdoor activities | Relaxation and rejuvenation | Spa | Wellness,modern-alpine
hotel-the-capra-saas-fee,The Capra Saas-Fee,Saas-Fee,5,true,38,652.81,Premium,6157043,luxury,false,luxury | wellness | alpine lodge | ski-in ski-out | local dining | Spa,luxury-boutique
hotel-the-dolder-grand,The Dolder Grand,Zürich,5,true,175,742.46,Premium,32248750,luxury,true,luxury experience | culinary excellence | wellness and spa | special events | Spa | Bar,understated-luxury
hotel-the-glacier-hotel,The Glacier Hotel,Les Diablerets,4,true,110,541.16,Premium,14774750,upper_upscale,true,Alpine elegance | Wellness | Ski-in/Ski-out | Gastronomy | Nature retreats | Spa,alpine-luxury
hotel-the-omnia,The Omnia,Zermatt,5,true,30,798.7,Premium,5947120,luxury,true,wellness | alpine luxury | personalized service | Spa | Suites | Design,alpine-luxury
hotel-the-view-lugano,The View Lugano,Lugano,5,true,18,1222.5,Luxury,5461641,luxury,true,luxury | wellness | gourmet experience | design | nature | panoramic views,luxury
hotel-tradition-julen-hotel,Tradition Julen Hotel,Zermatt,4,true,31,721.27,Premium,5549596,luxury,true,traditional chalet style | family-run | wellness and spa | alpine authenticity | gourmet dining | active leisure,alpine-boutique
hotel-ultima-hotel-gstaad,Ultima Hotel Gstaad,Gstaad,5,true,17,693.56,Premium,2926407,luxury,true,Alpine luxury | Bespoke experiences | Wellness retreat | Fine dining | Art collection | Spa,luxury
hotel-unique-hotel-innere-enge,Unique Hotel Innere Enge,Bern,4,true,26,253.46,,1635628,upper_upscale,true,jazz heritage | culinary experiences | live music | Spa | Bar | Suites,arts-leisure
hotel-unique-hotel-post,Unique Hotel Post,Zermatt,4,true,29,616.95,Premium,4440683,upper_upscale,true,trendy lifestyle | mountain lodge design | culinary diversity | wellness | event hosting | Spa,modern-lifestyle
hotel-valbella-resort,Valbella Resort,Valbella,4,true,121,435.21,Premium,13070314,upper_upscale,true,wellness retreat | family-friendly | culinary experiences | winter sports | nature experiences | Spa,luxury-leisure
hotel-valsana-hotel-arosa,Valsana Hotel Arosa,Arosa,4,true,49,276.28,,3360062,upper_upscale,true,modern mountain base | sustainable luxury | wellness and relaxation | nature exploration | culinary experiences | Spa,sustainable-luxury
hotel-victoria-jungfrau-grand-hotel-spa,Victoria-Jungfrau Grand Hotel & Spa,Interlaken,5,true,216,725.35,Premium,38886884,luxury,true,wellness retreat | fine dining | business events | family-friendly escape | alpine experiences | Spa,luxury-relaxation
hotel-villa-principe-leopoldo,VILLA PRINCIPE LEOPOLDO,Lugano,5,false,37,316.22,Premium,2903975,luxury,true,luxury accommodations | fine dining | wellness spa | panoramic views | family-friendly suites | Spa,understated-luxury
hotel-villars-palace,Villars Palace,Villars-sur-Ollon,5,true,125,406.68,Premium,12617247,luxury,true,luxury accommodation | wellness escape | sustainable hospitality | cultural experiences | family-friendly activities | Spa,luxury-wellness
hotel-waldhotel-arosa,Waldhotel Arosa,Arosa,4,true,120,301.55,Premium,8981365,upper_upscale,true,wellness | culinary experiences | ski-in/ski-out access | family-friendly | nature-focused | Spa,relaxing-luxury
hotel-waldhotel-by-buergenstock,Waldhotel by Bürgenstock,Obbürgen,5,true,137,780,Premium,26522652,luxury,false,health and wellbeing | luxury hideaway | Alpine landscape | Spa | Suites | Design,luxurious
hotel-waldhotel-davos,Waldhotel Davos,Davos Platz,4,true,46,253.46,,2893804,upper_upscale,true,wellness | alpine retreat | authentic hospitality | spacious rooms | cultural history | Spa,wellness-retreat
hotel-walliserhof-grand-hotel-spa,Walliserhof Grand-Hotel & Spa,Saas-Fee,5,false,73,472.7,Premium,8564662,luxury,true,luxury wellness | alpine cuisine | active outdoor pursuits | sustainable tourism | Spa | Wellness,luxury-wellness
hotel-wellnesshotel-schweizerhof,Wellnesshotel Schweizerhof,Saas-Fee,4,false,48,505.3,Premium,6019942,upper_upscale,true,majestic mountain scenery | wellness and spa | culinary delights | alpine experiences | family-friendly activities | Spa,alpine-boutique
hotel-widder-hotel,Widder Hotel,Zürich,5,true,49,567.24,Premium,6898659,luxury,true,five-star boutique | historic elegance | gourmet experience | design-forward | art and culture | Spa,luxury-boutique
hotel-zuerich-marriott-hotel,Zürich Marriott Hotel,Zürich,5,false,266,506.93,Premium,33468127,luxury,true,business travel | luxury accommodations | city-center location | culinary experiences | event hosting | sustainability,modern-luxury
